id,"date","indicativo","name","provincia",altitud,tmed,prec,tmin,"horatmin",tmax,"horatmax","dir",velmedia,racha,"horaracha",sol,presMax,"horaPresMax",presMIn,"horaPresMin"
1,"2018-05-08","3129","MADRID AEROPUERTO","MADRID",609,18.3,0.6,10.9,"04:50",25.7,"13:45","31",2.5,10.3,"14:19",6.4,946.9,"Varias",943.4,"17"
2,"2018-05-09","3129","MADRID AEROPUERTO","MADRID",609,18.6,0,10.8,"05:45",26.3,"17:15","27",2.8,10.8,"17:15",10.8,945.6,"00",941.2,"17"
3,"2018-05-10","3129","MADRID AEROPUERTO","MADRID",609,18.8,0,13.5,"05:14",24.1,"15:00","04",2.5,9.2,"08:12",11.9,949.2,"Varias",944,"00"
4,"2018-05-11","3129","MADRID AEROPUERTO","MADRID",609,17.5,0,10.1,"05:23",24.9,"16:00","22",3.3,16.1,"14:01",9.5,950.8,"Varias",947,"18"
5,"2018-05-12","3129","MADRID AEROPUERTO","MADRID",609,14.8,0,8.9,"23:56",20.6,"14:22","30",5.3,12.8,"Varias",7,951.4,"Varias",946.4,"15"
6,"2018-05-13","3129","MADRID AEROPUERTO","MADRID",609,11.2,0,4,"05:21",18.4,"16:01","28",3.6,10.8,"15:00",12.6,954.2,"Varias",951.3,"00"
7,"2018-05-14","3129","MADRID AEROPUERTO","MADRID",609,14.9,0,10.3,"05:54",19.5,"14:32","33",3.3,12.5,"14:22",9.6,952.6,"00",950.2,"18"
8,"2018-05-15","3129","MADRID AEROPUERTO","MADRID",609,14.9,0,5.3,"05:16",24.5,"16:32","99",3.1,10.3,"Varias",11.7,952.5,"Varias",947.2,"17"
9,"2018-05-16","3129","MADRID AEROPUERTO","MADRID",609,18,0,10.6,"Varias",25.5,"16:19","99",2.2,7.8,"Varias",13.5,950.3,"00",945.3,"18"
10,"2018-05-17","3129","MADRID AEROPUERTO","MADRID",609,19.4,0.2,13.6,"06:29",25.2,"15:08","07",1.1,8.9,"20:41",8.2,949,"Varias",944.8,"18"
11,"2018-05-18","3129","MADRID AEROPUERTO","MADRID",609,17.5,0.9,12.7,"23:55",22.3,"13:01","19",2.2,15.3,"14:45",5.1,949.9,"Varias",947.2,"14"
12,"2018-05-19","3129","MADRID AEROPUERTO","MADRID",609,17.7,0,10.6,"03:40",24.8,"14:48","99",1.7,12.5,"Varias",8.8,950.5,"Varias",947.1,"18"
13,"2018-05-20","3129","MADRID AEROPUERTO","MADRID",609,17.4,0,12.6,"05:44",22.2,"14:52","05",2.2,11.4,"00:03",6.1,949.2,"00",944,"18"
14,"2018-05-21","3129","MADRID AEROPUERTO","MADRID",609,17.9,20,12.3,"03:00",23.5,"15:00","18",2.8,12.8,"10:31",5.5,946.4,"Varias",942.7,"16"
15,"2018-05-22","3129","MADRID AEROPUERTO","MADRID",609,17,0,11.1,"04:55",23,"12:24","30",1.4,9.7,"13:40",6.6,948.8,"Varias",945.7,"04"
16,"2018-05-23","3129","MADRID AEROPUERTO","MADRID",609,20,0.8,12.9,"04:55",27.2,"16:08","21",3.3,14.4,"18:32",8.9,949.7,"Varias",946,"17"
17,"2018-05-24","3129","MADRID AEROPUERTO","MADRID",609,21.2,13.6,14,"04:07",28.4,"15:49","14",3.6,12.8,"Varias",4.8,949.3,"Varias",942.5,"18"
18,"2018-05-25","3129","MADRID AEROPUERTO","MADRID",609,16.1,4.7,11.8,"23:46",20.4,"15:32","18",3.9,13.9,"01:11",2.5,947.9,"01",944,"17"
19,"2018-05-26","3129","MADRID AEROPUERTO","MADRID",609,17.2,0,11.6,"00:34",22.8,"14:36","21",2.2,11.4,"15:58",7.5,946.9,"Varias",945.2,"18"
20,"2018-05-27","3129","MADRID AEROPUERTO","MADRID",609,18.6,3.2,10.7,"05:14",26.4,"15:43","20",3.1,12.5,"14:03",9.6,947.5,"Varias",943.6,"15"
21,"2018-05-28","3129","MADRID AEROPUERTO","MADRID",609,17,2.8,12.7,"23:45",21.4,"15:14","20",1.1,11.7,"14:41",0.8,947.7,"Varias",944.6,"15"
22,"2018-05-29","3129","MADRID AEROPUERTO","MADRID",609,17,2.4,12.8,"Varias",21.3,"11:19","26",3.9,15,"12:22",2.6,947.3,"Varias",945.1,"18"
23,"2018-05-30","3129","MADRID AEROPUERTO","MADRID",609,15.6,0.8,12.1,"01:53",19,"17:07","99",3.1,10.3,"Varias",0.7,948.8,"Varias",945.4,"04"
24,"2018-05-31","3129","MADRID AEROPUERTO","MADRID",609,18.8,0.1,13.4,"05:14",24.2,"14:52","21",3.3,12.5,"14:38",7.7,951.1,"Varias",948.7,"00"
25,"2018-06-01","3129","MADRID AEROPUERTO","MADRID",609,18.6,12.8,11.6,"05:07",25.7,"16:26","18",3.6,12.5,"15:14",9.6,951.5,"Varias",947.1,"17"
26,"2018-06-02","3129","MADRID AEROPUERTO","MADRID",609,18.8,9.9,12.8,"22:09",24.7,"15:46","19",5.6,16.4,"16:16",6.6,950.8,"Varias",947.1,"16"
27,"2018-06-03","3129","MADRID AEROPUERTO","MADRID",609,17.9,0,10.8,"03:53",25,"15:33","22",4.2,17.5,"14:17",10.9,949.5,"00",945.4,"17"
28,"2018-06-04","3129","MADRID AEROPUERTO","MADRID",609,17,0,12.5,"05:26",21.4,"14:19","21",4.7,16.4,"14:50",7.8,947.2,"Varias",945.1,"17"
29,"2018-06-05","3129","MADRID AEROPUERTO","MADRID",609,16.2,1.5,12,"04:19",20.4,"14:13","23",3.9,12.5,"15:56",2.1,946.4,"00",944.1,"17"
30,"2018-06-07","3129","MADRID AEROPUERTO","MADRID",609,17.2,1.8,10.1,"04:32",24.4,"13:28","99",4.7,13.3,"Varias",7.9,950.4,"Varias",947.7,"15"
31,"2018-06-08","3129","MADRID AEROPUERTO","MADRID",609,16.9,3.7,14.2,"23:44",19.6,"16:20","21",4.2,15,"14:47",0.8,948.2,"00",945.3,"17"
32,"2018-06-09","3129","MADRID AEROPUERTO","MADRID",609,17,0,12,"02:57",21.9,"13:00","24",3.9,13.9,"14:17",5.7,947.7,"Varias",945.1,"13"
33,"2018-06-10","3129","MADRID AEROPUERTO","MADRID",609,15.8,0,10.2,"04:31",21.4,"16:19","21",3.6,13.3,"14:10",2.2,947.3,"00",944.1,"17"
34,"2018-06-11","3129","MADRID AEROPUERTO","MADRID",609,17.1,0.1,12.9,"05:14",21.3,"15:07","21",2.5,13.3,"15:06",2.9,947.8,"Varias",944.9,"03"
35,"2018-06-12","3129","MADRID AEROPUERTO","MADRID",609,18.2,0,11,"04:45",25.5,"16:20","01",4.2,11.7,"16:40",10.4,951.2,"Varias",947.2,"03"
36,"2018-06-13","3129","MADRID AEROPUERTO","MADRID",609,18.5,0,11.6,"04:41",25.4,"13:56","35",4.2,10.8,"19:02",13.6,952.1,"Varias",948.9,"17"
37,"2018-06-14","3129","MADRID AEROPUERTO","MADRID",609,19.6,0,11.4,"04:30",27.7,"15:06","36",2.8,8.3,"21:50",13.3,950.8,"Varias",947.7,"17"
38,"2018-06-15","3129","MADRID AEROPUERTO","MADRID",609,21.3,0,12.1,"04:41",30.5,"17:04","04",1.4,9.7,"22:13",12.6,950.1,"Varias",945.8,"18"
39,"2018-06-16","3129","MADRID AEROPUERTO","MADRID",609,23.8,0,15.9,"04:44",31.6,"15:36","02",3.3,9.2,"23:17",14.3,951.3,"Varias",947,"17"
40,"2018-06-17","3129","MADRID AEROPUERTO","MADRID",609,23.2,0,15,"05:25",31.5,"15:59","36",4.7,11.7,"19:17",14.4,955.4,"Varias",951.3,"00"
41,"2018-06-18","3129","MADRID AEROPUERTO","MADRID",609,24.2,0,16.7,"05:20",31.8,"14:35","06",3.1,10.8,"21:25",13.7,955.5,"Varias",951.4,"17"
42,"2018-06-19","3129","MADRID AEROPUERTO","MADRID",609,24,0,15.1,"05:20",33,"16:04","20",1.9,8.9,"12:15",13.9,954.2,"Varias",949.3,"19"
43,"2018-06-20","3129","MADRID AEROPUERTO","MADRID",609,25.4,0,17.5,"05:15",33.3,"15:01","20",2.2,10.8,"12:59",12.5,952.5,"Varias",948.1,"18"
44,"2018-06-21","3129","MADRID AEROPUERTO","MADRID",609,26.1,0,18.6,"05:10",33.6,"16:20","12",1.9,8.6,"16:10",13.9,952.4,"Varias",948.8,"17"
45,"2018-06-22","3129","MADRID AEROPUERTO","MADRID",609,25.9,0,17.6,"04:54",34.2,"15:20","17",1.9,9.7,"13:42",14,952.1,"Varias",948,"18"
46,"2018-06-23","3129","MADRID AEROPUERTO","MADRID",609,27.1,0,18.3,"04:56",35.9,"15:18","20",1.7,7.8,"11:07",13.3,951.3,"Varias",947.4,"18"
47,"2018-06-24","3129","MADRID AEROPUERTO","MADRID",609,28,0,18.5,"04:53",37.5,"15:31","27",1.7,8.9,"14:54",12.4,950.6,"Varias",946.2,"18"
48,"2018-06-25","3129","MADRID AEROPUERTO","MADRID",609,28.2,0,19,"05:11",37.3,"16:18","23",2.2,9.2,"15:32",10.6,949.6,"Varias",946,"17"
49,"2018-06-26","3129","MADRID AEROPUERTO","MADRID",609,27.6,0,19.5,"04:52",35.8,"15:58","21",3.3,12.5,"17:17",12.8,950.2,"Varias",946.3,"17"
50,"2018-06-27","3129","MADRID AEROPUERTO","MADRID",609,27,0,21.5,"05:06",32.5,"14:07","19",4.4,15,"14:13",9.3,950.5,"Varias",946.4,"18"
51,"2018-06-28","3129","MADRID AEROPUERTO","MADRID",609,25.1,1,17.9,"04:54",32.3,"14:51","21",3.9,12.8,"15:06",10.3,947.5,"00",941.5,"18"
52,"2018-06-29","3129","MADRID AEROPUERTO","MADRID",609,25.2,0.6,17.6,"04:54",32.7,"15:51","22",3.1,14.4,"13:56",10,944,"Varias",939.2,"16"
53,"2018-06-30","3129","MADRID AEROPUERTO","MADRID",609,24.3,2,19,"04:08",29.6,"16:05","99",2.5,11.7,"18:00",4.7,943.7,"Varias",940.7,"17"
54,"2018-07-01","3129","MADRID AEROPUERTO","MADRID",609,24.2,0,20,"05:54",28.5,"15:42","99",4.4,13.3,"Varias",7.5,946.4,"Varias",943.6,"00"
55,"2018-07-02","3129","MADRID AEROPUERTO","MADRID",609,21,0,13.6,"05:00",28.5,"15:46","21",3.6,15.3,"11:30",12.9,950.1,"Varias",946.2,"01"
56,"2018-07-03","3129","MADRID AEROPUERTO","MADRID",609,23.2,0,15.2,"04:53",31.2,"15:44","21",2.8,12.8,"Varias",14.2,951.3,"Varias",947.5,"17"
57,"2018-07-04","3129","MADRID AEROPUERTO","MADRID",609,21.9,0,15,"05:01",28.8,"15:22","22",4.7,17.5,"13:53",13.6,951.5,"Varias",947.4,"04"
58,"2018-07-05","3129","MADRID AEROPUERTO","MADRID",609,22.6,0,15.6,"04:50",29.6,"16:09","23",1.7,7.8,"12:41",10.4,953.7,"Varias",951,"17"
59,"2018-07-07","3129","MADRID AEROPUERTO","MADRID",609,26.4,0,18.5,"03:40",34.2,"16:35","22",2.5,12.5,"14:28",10.9,952.3,"Varias",947.8,"17"
60,"2018-07-08","3129","MADRID AEROPUERTO","MADRID",609,27,0,19.9,"04:58",34.2,"14:47","99",3.6,9.7,"Varias",11.5,952.5,"23",949.1,"17"
61,"2018-07-09","3129","MADRID AEROPUERTO","MADRID",609,27.2,0,19,"04:39",35.4,"15:01","02",3.1,11.7,"22:39",11.7,953,"Varias",948.5,"18"
62,"2018-07-10","3129","MADRID AEROPUERTO","MADRID",609,27.7,0,20.3,"05:05",35.1,"15:29","24",2.5,9.7,"14:48",12.5,951.8,"Varias",947,"18"
63,"2018-07-11","3129","MADRID AEROPUERTO","MADRID",609,26.4,0,19.1,"04:41",33.7,"13:58","22",4.2,15,"14:53",11.6,948.8,"Varias",944.1,"18"
64,"2018-07-12","3129","MADRID AEROPUERTO","MADRID",609,25.3,0,17.5,"05:17",33.1,"15:12","19",1.7,10.8,"14:24",12.5,948.3,"Varias",945.7,"18"
65,"2018-07-13","3129","MADRID AEROPUERTO","MADRID",609,27.2,0,20.2,"05:09",34.1,"16:29","18",3.6,12.5,"15:54",10.9,949.5,"Varias",946.1,"18"
66,"2018-07-14","3129","MADRID AEROPUERTO","MADRID",609,26.3,0,18.8,"05:34",33.8,"15:08","24",3.9,16.4,"10:55",13.9,951,"08",947.6,"18"
67,"2018-07-15","3129","MADRID AEROPUERTO","MADRID",609,22.2,0,14.5,"05:24",29.9,"14:10","23",4.7,16.9,"14:39",13,950.7,"Varias",947.6,"18"
68,"2018-07-16","3129","MADRID AEROPUERTO","MADRID",609,23,0,15.8,"05:12",30.3,"14:34","27",2.2,10.3,"00:12",13,952,"24",949.4,"00"
69,"2018-07-17","3129","MADRID AEROPUERTO","MADRID",609,25.8,0,17.2,"05:02",34.3,"15:05","21",2.8,10.3,"14:46",13.9,952.3,"Varias",945.5,"19"
70,"2018-07-18","3129","MADRID AEROPUERTO","MADRID",609,26,0,18.2,"04:59",33.8,"16:17","21",4.4,14.4,"18:31",13.6,948.5,"Varias",946.2,"00"
71,"2018-07-19","3129","MADRID AEROPUERTO","MADRID",609,24.6,0,15.4,"05:16",33.8,"15:54","20",4.2,16.1,"11:17",13.7,949.5,"Varias",946.3,"18"
72,"2018-07-20","3129","MADRID AEROPUERTO","MADRID",609,23.6,0,14.8,"05:07",32.4,"14:43","24",3.6,17.5,"13:56",13.1,948.7,"Varias",945.1,"16"
73,"2018-07-21","3129","MADRID AEROPUERTO","MADRID",609,23.8,0,16.7,"05:03",30.8,"16:44","36",3.9,11.4,"18:42",9.7,949.7,"Varias",945.3,"17"
74,"2018-07-22","3129","MADRID AEROPUERTO","MADRID",609,24.4,0,16.5,"05:13",32.4,"15:53","22",2.2,9.7,"16:15",11.7,949.2,"Varias",945.6,"17"
75,"2018-07-23","3129","MADRID AEROPUERTO","MADRID",609,26.8,0,18.3,"04:11",35.2,"15:29","21",3.3,15.3,"13:56",13.6,950.4,"Varias",945.7,"17"
76,"2018-07-24","3129","MADRID AEROPUERTO","MADRID",609,25.1,0,16.3,"05:17",33.9,"15:51","20",3.6,15.3,"15:24",13.6,948.5,"Varias",945.7,"17"
77,"2018-07-25","3129","MADRID AEROPUERTO","MADRID",609,25.2,0,15.5,"05:18",34.9,"14:56","22",1.9,15,"14:52",13.8,949.3,"Varias",945.1,"19"
78,"2018-07-26","3129","MADRID AEROPUERTO","MADRID",609,25.4,0,16.1,"05:32",34.7,"14:32","22",2.8,14.4,"11:56",13.5,947.8,"Varias",944.4,"17"
79,"2018-07-27","3129","MADRID AEROPUERTO","MADRID",609,25.4,0,16,"05:19",34.9,"15:59","21",4.2,16.4,"13:37",12.3,947.2,"Varias",944.2,"17"
80,"2018-07-28","3129","MADRID AEROPUERTO","MADRID",609,24.8,0,15.4,"05:40",34.1,"15:22","21",4.7,18.6,"14:49",13.5,948,"Varias",945.8,"17"
81,"2018-07-29","3129","MADRID AEROPUERTO","MADRID",609,24.8,0,16.4,"05:30",33.2,"15:30","21",3.9,15.3,"10:47",13.5,949.3,"Varias",947,"00"
82,"2018-07-30","3129","MADRID AEROPUERTO","MADRID",609,25,0,15.4,"05:38",34.7,"15:30","24",2.2,13.3,"16:25",13.7,950.8,"Varias",947.5,"17"
83,"2018-07-31","3129","MADRID AEROPUERTO","MADRID",609,26,0,16.3,"05:32",35.8,"14:41","23",2.5,11.4,"15:17",13.6,950.7,"Varias",947.4,"18"
84,"2018-08-01","3129","MADRID AEROPUERTO","MADRID",609,27.8,0,17.9,"04:48",37.6,"16:08","99",1.1,8.3,"Varias",13.3,950.7,"Varias",947.7,"18"
85,"2018-08-02","3129","MADRID AEROPUERTO","MADRID",609,30,0,20.5,"05:15",39.5,"15:21","21",2.5,10.8,"15:34",12.9,952.4,"Varias",948.5,"18"
86,"2018-08-03","3129","MADRID AEROPUERTO","MADRID",609,31.3,0,22.1,"05:40",40.5,"14:34","31",3.9,12.5,"14:20",11.9,952,"Varias",948.7,"17"
87,"2018-08-04","3129","MADRID AEROPUERTO","MADRID",609,29.9,0,20.4,"05:00",39.4,"15:38","99",3.6,10.3,"Varias",12.1,953.2,"Varias",949,"17"
88,"2018-08-06","3129","MADRID AEROPUERTO","MADRID",609,29.2,0,19.4,"05:39",39,"15:37","19",3.6,14.4,"17:41",10.8,950.3,"Varias",945.5,"17"
89,"2018-08-07","3129","MADRID AEROPUERTO","MADRID",609,30.2,0,22.6,"04:14",37.8,"14:21","23",4.7,16.1,"15:26",12.2,946.6,"00",942.3,"17"
90,"2018-08-08","3129","MADRID AEROPUERTO","MADRID",609,26.8,0,17.7,"05:36",35.8,"15:29","22",5,16.1,"15:38",12.5,946.9,"Varias",942.3,"17"
91,"2018-08-09","3129","MADRID AEROPUERTO","MADRID",609,24.8,0,17.6,"05:54",31.9,"15:44","03",2.8,13.3,"21:32",12.1,953.5,"Varias",944.9,"01"
92,"2018-08-10","3129","MADRID AEROPUERTO","MADRID",609,25.2,1.1,17,"Varias",33.3,"16:33","13",2.5,10.3,"21:19",10.2,955.4,"Varias",951.2,"18"
93,"2018-08-11","3129","MADRID AEROPUERTO","MADRID",609,27.8,0,20.8,"05:31",34.7,"16:09","22",1.7,15.3,"11:06",11.3,955.5,"Varias",950.1,"19"
94,"2018-08-12","3129","MADRID AEROPUERTO","MADRID",609,28.6,0,21,"04:06",36.1,"16:34","22",4.4,15,"14:16",11,951,"Varias",944.9,"17"
95,"2018-08-13","3129","MADRID AEROPUERTO","MADRID",609,26,0,18.1,"05:08",34,"15:20","21",3.9,15,"13:56",12.6,948.6,"Varias",944.8,"17"
96,"2018-08-14","3129","MADRID AEROPUERTO","MADRID",609,26,0,18.7,"05:06",33.3,"15:44","23",2.8,10.3,"12:26",12.7,951.5,"Varias",948.3,"18"
97,"2018-08-15","3129","MADRID AEROPUERTO","MADRID",609,26.4,0,18,"05:02",34.7,"15:11","99",2.5,11.4,"Varias",12.5,951.6,"Varias",946.3,"18"
98,"2018-08-16","3129","MADRID AEROPUERTO","MADRID",609,26.4,0,20.6,"06:32",32.3,"14:30","19",3.1,12.8,"10:27",8.7,950.1,"Varias",946.3,"18"
99,"2018-08-17","3129","MADRID AEROPUERTO","MADRID",609,25,0,18.2,"05:44",31.9,"14:48","03",1.9,12.8,"19:32",10.4,952.9,"Varias",947.7,"16"
100,"2018-08-18","3129","MADRID AEROPUERTO","MADRID",609,24.2,0,16.9,"04:22",31.4,"16:52","99",2.8,8.9,"Varias",10.4,953.1,"Varias",949,"18"
101,"2018-08-19","3129","MADRID AEROPUERTO","MADRID",609,25.5,0,18.7,"05:11",32.3,"Varias","21",1.7,11.7,"13:01",10.9,954.6,"Varias",950.6,"17"
102,"2018-08-20","3129","MADRID AEROPUERTO","MADRID",609,25.2,0,17.5,"06:03",33,"14:36","21",1.9,10.3,"11:16",12.1,953.8,"Varias",948.8,"18"
103,"2018-08-21","3129","MADRID AEROPUERTO","MADRID",609,25.9,0,17.4,"05:21",34.4,"15:13","24",2.5,11.7,"14:30",10.7,951.6,"Varias",947,"18"
104,"2018-08-22","3129","MADRID AEROPUERTO","MADRID",609,26.2,0,18.2,"05:36",34.2,"14:53","13",3.1,13.3,"18:20",10.7,951.8,"Varias",948,"15"
105,"2018-08-23","3129","MADRID AEROPUERTO","MADRID",609,26.1,0,18.5,"02:30",33.7,"14:52","21",3.3,10.3,"18:15",8.2,952.2,"Varias",948.2,"16"
106,"2018-08-24","3129","MADRID AEROPUERTO","MADRID",609,25.6,0,16.4,"06:03",34.9,"15:08","99",3.3,12.5,"Varias",12.1,952.2,"00",948.4,"17"
107,"2018-08-25","3129","MADRID AEROPUERTO","MADRID",609,24.4,0,15.4,"06:03",33.5,"15:20","22",3.1,13.3,"13:49",12,950.2,"Varias",945.1,"16"
108,"2018-08-26","3129","MADRID AEROPUERTO","MADRID",609,23.8,0,14.5,"05:47",33,"16:46","22",1.4,12.5,"15:00",12.2,950.2,"Varias",946.2,"18"
109,"2018-08-27","3129","MADRID AEROPUERTO","MADRID",609,25.9,0,15.8,"05:36",36,"15:35","22",2.5,13.9,"13:12",9.8,949.7,"Varias",947.2,"19"
110,"2018-08-28","3129","MADRID AEROPUERTO","MADRID",609,27,0,19.1,"05:18",34.8,"15:27","21",5,16.9,"13:30",9.6,949.6,"Varias",946,"18"
111,"2018-08-29","3129","MADRID AEROPUERTO","MADRID",609,24.8,0,17.3,"06:15",32.3,"16:47","21",2.2,8.9,"18:40",11.1,952,"Varias",948.7,"00"
112,"2018-08-30","3129","MADRID AEROPUERTO","MADRID",609,25.8,0,18.4,"06:02",33.3,"16:09","99",2.2,8.3,"Varias",11.8,953.2,"Varias",949,"18"
113,"2018-08-31","3129","MADRID AEROPUERTO","MADRID",609,26.6,0,18.8,"06:01",34.5,"15:37","99",2.2,8.3,"Varias",11.7,952,"Varias",948,"17"
114,"2018-09-01","3129","MADRID AEROPUERTO","MADRID",609,26.6,0,18.5,"05:55",34.8,"15:02","99",1.7,9.7,"Varias",11.8,952.3,"Varias",947.9,"18"
115,"2018-09-02","3129","MADRID AEROPUERTO","MADRID",609,28.2,1,20.3,"05:43",36,"15:02","19",1.9,10.8,"22:00",9.9,950.5,"Varias",945.4,"18"
116,"2018-09-03","3129","MADRID AEROPUERTO","MADRID",609,26.6,0,20.4,"05:53",32.9,"16:07","23",2.8,12.8,"11:17",8.6,946.6,"Varias",942.5,"16"
117,"2018-09-05","3129","MADRID AEROPUERTO","MADRID",609,22.9,0,17.2,"04:12",28.6,"14:17","23",4.4,15,"15:31",10.4,948.6,"Varias",945.4,"17"
118,"2018-09-06","3129","MADRID AEROPUERTO","MADRID",609,21.5,0,16.1,"06:05",26.9,"13:20","36",2.5,9.7,"13:27",6.3,949.1,"Varias",946.3,"16"
119,"2018-09-07","3129","MADRID AEROPUERTO","MADRID",609,22.6,0.2,16.2,"06:00",29.1,"16:03","25",3.1,13.9,"17:42",9.7,950.5,"Varias",945.7,"17"
120,"2018-09-08","3129","MADRID AEROPUERTO","MADRID",609,20.4,1.1,16.6,"23:51",24.2,"13:10","99",2.2,7.2,"Varias",0.4,952.7,"Varias",949.6,"05"
121,"2018-09-09","3129","MADRID AEROPUERTO","MADRID",609,21.4,0,13.5,"06:01",29.2,"15:22","24",2.2,9.2,"14:05",10.1,954.9,"Varias",950.7,"16"
122,"2018-09-10","3129","MADRID AEROPUERTO","MADRID",609,22.3,0,15.1,"05:55",29.5,"14:09","13",2.2,9.7,"18:30",8.4,956.9,"Varias",954,"15"
123,"2018-09-11","3129","MADRID AEROPUERTO","MADRID",609,22.2,1.9,14.3,"06:11",30,"15:35","19",1.9,9.7,"15:23",10.8,957.6,"Varias",953,"17"
124,"2018-09-12","3129","MADRID AEROPUERTO","MADRID",609,22.7,0,15.1,"05:37",30.3,"15:33","34",1.4,6.1,"00:51",11.3,956.9,"Varias",952.6,"16"
125,"2018-09-13","3129","MADRID AEROPUERTO","MADRID",609,23.8,0,15,"05:59",32.7,"15:41","22",1.4,10.8,"11:59",11.2,953.9,"Varias",949.5,"18"
126,"2018-09-14","3129","MADRID AEROPUERTO","MADRID",609,24.4,0,16,"05:54",32.8,"15:53","36",1.9,6.7,"16:23",10.4,952.8,"Varias",948.9,"17"
127,"2018-09-15","3129","MADRID AEROPUERTO","MADRID",609,24.4,0,17.9,"05:50",30.9,"15:10","13",1.9,13.3,"Varias",9.6,954.8,"Varias",950.3,"16"
128,"2018-09-16","3129","MADRID AEROPUERTO","MADRID",609,23.4,0,15.4,"05:50",31.3,"15:42","25",1.4,9.2,"13:00",10.9,955.1,"Varias",951.2,"16"
129,"2018-09-17","3129","MADRID AEROPUERTO","MADRID",609,24.6,0.6,17.4,"06:23",31.7,"14:44","20",3.3,11.4,"14:20",9.8,952.8,"Varias",946.8,"16"
130,"2018-09-18","3129","MADRID AEROPUERTO","MADRID",609,23,0,16.6,"06:32",29.5,"14:55","25",1.9,8.9,"16:34",7.8,952.9,"Varias",948.8,"15"
131,"2018-09-19","3129","MADRID AEROPUERTO","MADRID",609,23.4,0,14.9,"06:03",31.8,"16:09","20",2.2,9.2,"12:24",11.1,954.9,"Varias",951.8,"15"
132,"2018-09-20","3129","MADRID AEROPUERTO","MADRID",609,24.2,0,15.9,"06:18",32.4,"15:16","21",2.5,13.3,"15:59",10.7,954.4,"Varias",950,"16"
133,"2018-09-21","3129","MADRID AEROPUERTO","MADRID",609,24,0,15.6,"06:24",32.3,"14:47","21",2.2,10.8,"13:47",10,954.3,"Varias",950.8,"03"
134,"2018-09-22","3129","MADRID AEROPUERTO","MADRID",609,24.8,0,16.1,"06:24",33.6,"15:46","23",2.5,13.3,"13:00",10.4,956.7,"Varias",954,"16"
135,"2018-09-23","3129","MADRID AEROPUERTO","MADRID",609,25,0,15.8,"05:21",34.3,"15:47","22",1.4,8.3,"14:19",11,957.3,"Varias",953.3,"16"
136,"2018-09-24","3129","MADRID AEROPUERTO","MADRID",609,25.8,0,18.4,"05:53",33.2,"15:32","99",2.2,7.2,"Varias",11,957.4,"Varias",952.5,"16"
137,"2018-09-25","3129","MADRID AEROPUERTO","MADRID",609,23.4,0,15.3,"06:24",31.5,"15:49","13",2.5,8.9,"23:25",10.8,957.3,"Varias",952.2,"16"
138,"2018-09-26","3129","MADRID AEROPUERTO","MADRID",609,23.8,0,19.5,"23:56",28.2,"16:23","14",3.9,11.7,"17:51",2.6,962.7,"Varias",957.3,"00"
139,"2018-09-27","3129","MADRID AEROPUERTO","MADRID",609,21.2,0,14.2,"06:12",28.3,"16:22","99",0.6,6.7,"Varias",10.8,962.7,"00",956.3,"18"
140,"2018-09-28","3129","MADRID AEROPUERTO","MADRID",609,21.2,0,13,"06:19",29.5,"15:47","99",1.9,7.8,"Varias",10.9,956.6,"00",949.9,"18"
141,"2018-09-29","3129","MADRID AEROPUERTO","MADRID",609,20.8,0,12,"06:34",29.7,"15:10","23",1.9,8.9,"12:51",10.8,951.8,"Varias",947.4,"16"
142,"2018-09-30","3129","MADRID AEROPUERTO","MADRID",609,21.2,0,12.4,"06:31",30.1,"14:34","21",1.7,9.7,"15:05",9.9,951.9,"Varias",948.4,"17"
143,"2018-10-01","3129","MADRID AEROPUERTO","MADRID",609,20,0,13.8,"23:59",26.3,"15:32","07",2.8,12.8,"08:08",10.8,955,"Varias",951.3,"16"
144,"2018-10-02","3129","MADRID AEROPUERTO","MADRID",609,17.4,0,7.7,"06:30",27.1,"16:30","08",3.1,11.7,"11:30",10.9,956.3,"09",952.8,"16"
145,"2018-10-03","3129","MADRID AEROPUERTO","MADRID",609,19.4,0,10.9,"06:00",27.9,"15:30","20",1.7,5.3,"11:20",10.8,956.7,"Varias",952.8,"16"
146,"2018-10-05","3129","MADRID AEROPUERTO","MADRID",609,19,0,9.9,"06:09",28,"15:03","22",1.9,7.2,"15:57",10.7,952,"08",947.5,"17"
147,"2018-10-06","3129","MADRID AEROPUERTO","MADRID",609,19,0,9.4,"06:32",28.6,"14:06","21",4.7,14.4,"14:48",10.2,950.8,"Varias",946,"17"
148,"2018-10-07","3129","MADRID AEROPUERTO","MADRID",609,15.2,0,10.1,"06:29",20.2,"14:56","01",3.6,12.8,"11:22",10.7,952.5,"Varias",948.7,"00"
149,"2018-10-08","3129","MADRID AEROPUERTO","MADRID",609,13,0,5.5,"05:51",20.5,"14:35","99",2.5,8.3,"Varias",7.1,952,"00",947.7,"17"
150,"2018-10-09","3129","MADRID AEROPUERTO","MADRID",609,13.9,21.5,6.8,"06:16",21,"14:48","16",3.1,10.3,"15:19",6.7,948.6,"00",943.4,"15"
151,"2018-10-10","3129","MADRID AEROPUERTO","MADRID",609,16,1.2,12,"00:04",20,"15:25","99",0.8,6.7,"Varias",2.8,943.9,"Varias",940.9,"17"
152,"2018-10-11","3129","MADRID AEROPUERTO","MADRID",609,17,4.8,12.1,"03:46",22,"13:40","19",3.1,11.7,"16:16",0.5,951.7,"Varias",943.3,"02"
153,"2018-10-12","3129","MADRID AEROPUERTO","MADRID",609,19,0,15.4,"23:59",22.5,"15:44","23",1.4,11.7,"11:11",4.5,956.2,"Varias",951.7,"00"
154,"2018-10-13","3129","MADRID AEROPUERTO","MADRID",609,19.6,3.2,12.9,"06:21",26.3,"15:22","99",1.4,7.2,"Varias",8.8,954.4,"00",942.6,"24"
155,"2018-10-14","3129","MADRID AEROPUERTO","MADRID",609,15.4,0.3,11.9,"23:59",18.9,"02:26","21",5.3,13.9,"08:18",2.8,943.4,"Varias",937.8,"06"
156,"2018-10-15","3129","MADRID AEROPUERTO","MADRID",609,12.4,0,8.5,"Varias",16.4,"12:48","21",3.6,12.5,"13:29",3.2,945.8,"Varias",942.8,"13"
157,"2018-10-16","3129","MADRID AEROPUERTO","MADRID",609,16,0,9.7,"06:36",22.4,"16:27","23",1.9,5.8,"12:53",10.3,950.7,"Varias",945.4,"00"
158,"2018-10-17","3129","MADRID AEROPUERTO","MADRID",609,15.3,0,8.3,"05:08",22.3,"14:42","22",2.5,8.9,"18:06",10.1,951.1,"Varias",945.2,"24"
159,"2018-10-18","3129","MADRID AEROPUERTO","MADRID",609,16.7,11.3,12,"00:01",21.4,"12:16","36",3.3,11.4,"23:42",0.6,945.4,"21",942.6,"16"
160,"2018-10-19","3129","MADRID AEROPUERTO","MADRID",609,15.3,2.1,12.7,"05:54",17.9,"10:42","36",3.9,11.4,"02:12",1.1,950.3,"Varias",943.6,"02"
161,"2018-10-20","3129","MADRID AEROPUERTO","MADRID",609,17.2,7.5,13.2,"03:47",21.2,"12:44","08",2.8,10.3,"13:37",5.8,954.7,"Varias",949.8,"00"
162,"2018-10-21","3129","MADRID AEROPUERTO","MADRID",609,17.3,0.1,13,"23:41",21.6,"13:44","99",2.5,5.8,"Varias",6,955.3,"Varias",952.2,"17"
163,"2018-10-22","3129","MADRID AEROPUERTO","MADRID",609,16.5,0,9.7,"06:34",23.3,"14:26","99",1.4,7.8,"19:01",9.8,957,"Varias",953,"14"
164,"2018-10-23","3129","MADRID AEROPUERTO","MADRID",609,16.6,0,10.4,"04:11",22.7,"14:28","35",1.7,5.8,"00:09",8.9,959.4,"Varias",957,"00"
165,"2018-10-24","3129","MADRID AEROPUERTO","MADRID",609,15.7,0,7.2,"06:53",24.2,"14:49","24",0.8,6.7,"14:22",9.8,958.8,"Varias",954.2,"19"
166,"2018-10-25","3129","MADRID AEROPUERTO","MADRID",609,15.4,0,6.9,"06:43",23.8,"15:02","99",1.7,7.2,"Varias",9.3,954.3,"00",949.9,"15"
167,"2018-10-26","3129","MADRID AEROPUERTO","MADRID",609,12.6,1.7,7.9,"05:43",17.2,"14:04","30",1.1,6.7,"16:12",0.8,950.2,"00",944.2,"24"
168,"2018-10-27","3129","MADRID AEROPUERTO","MADRID",609,9,0.5,4.9,"23:55",13,"Varias","99",2.8,10.8,"Varias",0.6,944.2,"00",934.9,"24"
169,"2018-10-28","3129","MADRID AEROPUERTO","MADRID",609,6.5,0,2.1,"23:43",10.9,"12:16","99",5.8,13.3,"Varias",6.2,937.7,"Varias",934.2,"01"
170,"2018-10-29","3129","MADRID AEROPUERTO","MADRID",609,7.2,1.4,2.2,"00:51",12.1,"14:13","99",7.2,13.3,"06:25",5.4,938.2,"Varias",936.1,"06"
171,"2018-10-30","3129","MADRID AEROPUERTO","MADRID",609,7.8,18.4,6.2,"04:37",9.3,"17:53","99",4.4,10.3,"Varias",0,937.1,"00",933,"16"
172,"2018-10-31","3129","MADRID AEROPUERTO","MADRID",609,9.1,0.1,5.3,"22:57",12.9,"14:19","22",4.7,12.8,"15:42",1.3,941.1,"Varias",933.7,"04"
173,"2018-11-01","3129","MADRID AEROPUERTO","MADRID",609,9.6,0,3.9,"06:15",15.3,"15:00","26",2.8,8.9,"20:48",8.7,952.2,"Varias",941.1,"00"
174,"2018-11-02","3129","MADRID AEROPUERTO","MADRID",609,13.8,0,8.1,"23:34",19.4,"12:37","35",4.2,10.8,"Varias",7.2,956.6,"Varias",950.9,"04"
175,"2018-11-04","3129","MADRID AEROPUERTO","MADRID",609,8.8,18.6,0.9,"06:16",16.6,"14:35","99",3.1,9.7,"Varias",8.2,950.4,"00",938.9,"24"
176,"2018-11-05","3129","MADRID AEROPUERTO","MADRID",609,9.7,2.4,7.5,"16:05",11.9,"13:45","28",5,9.4,"21:10",1.6,940.8,"24",933.1,"13"
177,"2018-11-06","3129","MADRID AEROPUERTO","MADRID",609,9.6,0,6.6,"06:30",12.6,"13:57","99",6.4,13.9,"Varias",5.8,947,"Varias",940.7,"00"
178,"2018-11-07","3129","MADRID AEROPUERTO","MADRID",609,11.4,2.9,7.9,"23:58",15,"13:28","21",4.7,11.7,"06:11",1.3,951.2,"Varias",944.1,"05"
179,"2018-11-08","3129","MADRID AEROPUERTO","MADRID",609,9,8,4.9,"03:41",13.1,"13:20","22",1.9,10.3,"20:14",0,951.2,"00",945.2,"17"
180,"2018-11-09","3129","MADRID AEROPUERTO","MADRID",609,9.9,0,5.9,"07:10",13.9,"14:13","22",4.7,11.7,"22:00",7.7,952.4,"Varias",947.4,"00"
181,"2018-11-10","3129","MADRID AEROPUERTO","MADRID",609,12.6,1.5,10.3,"05:05",14.8,"14:11","19",5.8,17.5,"11:38",0.1,950.4,"00",945.6,"14"
182,"2018-11-11","3129","MADRID AEROPUERTO","MADRID",609,14.8,0,12.1,"Varias",17.4,"13:35","99",3.9,11.4,"Varias",1.7,948.4,"Varias",944.1,"19"
183,"2018-11-12","3129","MADRID AEROPUERTO","MADRID",609,12.1,0.8,9.7,"05:44",14.5,"14:38","17",1.1,6.7,"00:20",0.3,953.1,"24",944.8,"01"
184,"2018-11-13","3129","MADRID AEROPUERTO","MADRID",609,12.4,0,6.5,"07:17",18.3,"15:37","16",1.1,5.8,"18:46",6.3,957.5,"Varias",953.1,"00"
185,"2018-11-14","3129","MADRID AEROPUERTO","MADRID",609,11.8,0.7,6.3,"07:47",17.3,"14:39","05",1.4,4.2,"14:33",4.9,957.4,"00",951.4,"24"
186,"2018-11-15","3129","MADRID AEROPUERTO","MADRID",609,14,1.9,9.9,"07:13",18.1,"14:44","14",0.8,10.3,"15:30",2.9,952.2,"Varias",949.4,"15"
187,"2018-11-16","3129","MADRID AEROPUERTO","MADRID",609,14,0.3,10.9,"08:09",17,"15:48","16",1.1,6.1,"20:32",0.8,952.4,"Varias",949.6,"16"
188,"2018-11-17","3129","MADRID AEROPUERTO","MADRID",609,13,0,8.5,"23:40",17.4,"14:19","99",1.4,4.7,"Varias",5.9,950.3,"00",943.9,"24"
189,"2018-11-18","3129","MADRID AEROPUERTO","MADRID",609,11,17.6,8.4,"01:32",13.5,"12:01","15",3.1,11.4,"12:45",0,943.9,"00",936.8,"18"
190,"2018-11-19","3129","MADRID AEROPUERTO","MADRID",609,11.4,1.6,8.9,"02:13",13.9,"13:03","99",2.2,6.7,"Varias",2,937.4,"00",934.2,"24"
191,"2018-11-20","3129","MADRID AEROPUERTO","MADRID",609,10.8,4,9.2,"11:33",12.4,"14:38","22",4.7,16.1,"14:47",0.5,939.2,"Varias",933.1,"14"
192,"2018-11-21","3129","MADRID AEROPUERTO","MADRID",609,10.2,0.9,7.1,"19:48",13.4,"12:50","22",5.3,15.3,"13:41",2.8,947.9,"Varias",939.1,"00"
193,"2018-11-22","3129","MADRID AEROPUERTO","MADRID",609,8,2.9,4.1,"03:20",11.9,"13:13","21",2.2,7.8,"11:28",0.2,949.3,"Varias",945.9,"24"
194,"2018-11-23","3129","MADRID AEROPUERTO","MADRID",609,8.5,0,4.6,"23:56",12.4,"14:08","99",3.1,9.2,"14:02",6,949.8,"Varias",944.7,"04"
195,"2018-11-24","3129","MADRID AEROPUERTO","MADRID",609,5,1.4,0.9,"04:08",9,"14:16","99",1.7,3.1,"Varias",0.4,950.9,"Varias",945.5,"24"
196,"2018-11-25","3129","MADRID AEROPUERTO","MADRID",609,11,7.8,6.4,"00:00",15.5,"14:19","21",5.6,15.3,"12:08",3.6,945.5,"00",938.4,"24"
197,"2018-11-26","3129","MADRID AEROPUERTO","MADRID",609,8.6,0,4.6,"23:59",12.6,"13:40","25",4.4,20.6,"03:32",5.3,954.9,"Varias",937.9,"01"
198,"2018-11-27","3129","MADRID AEROPUERTO","MADRID",609,7.4,0,1.9,"07:31",12.8,"14:44","21",1.9,8.9,"13:00",8,956.5,"Varias",954.5,"01"
199,"2018-11-28","3129","MADRID AEROPUERTO","MADRID",609,5.7,0,-0.3,"07:23",11.7,"14:07","99",1.1,3.6,"Varias",6.3,957.8,"Varias",955,"Varias"
200,"2018-11-29","3129","MADRID AEROPUERTO","MADRID",609,6,3.5,-0.7,"Varias",12.7,"14:02","17",1.4,4.7,"14:37",6.3,955.1,"00",950.4,"17"
201,"2018-11-30","3129","MADRID AEROPUERTO","MADRID",609,7.5,0,2.5,"23:44",12.5,"13:52","23",1.1,5.8,"08:26",6.6,957.1,"Varias",950.3,"03"
202,"2018-12-01","3129","MADRID AEROPUERTO","MADRID",609,5.6,0,0,"06:11",11.3,"15:09","99",1.1,6.1,"14:29",4.1,956.9,"Varias",954.3,"15"
203,"2018-12-02","3129","MADRID AEROPUERTO","MADRID",609,5.4,0,2.6,"05:26",8.2,"15:47","99",0.8,3.6,"Varias",0,957.9,"Varias",955.5,"02"
204,"2018-12-04","3129","MADRID AEROPUERTO","MADRID",609,9.4,0,1.8,"07:35",16.9,"14:41","99",1.7,4.2,"Varias",8.5,958.1,"Varias",955.5,"14"
205,"2018-12-05","3129","MADRID AEROPUERTO","MADRID",609,10,0,2.8,"07:35",17.2,"14:37","99",1.1,4.2,"Varias",8.3,960.2,"Varias",957.1,"01"
206,"2018-12-06","3129","MADRID AEROPUERTO","MADRID",609,9.5,0,1.8,"06:20",17.2,"15:09","99",1.7,4.7,"Varias",8.5,961.9,"Varias",959,"16"
207,"2018-12-07","3129","MADRID AEROPUERTO","MADRID",609,4.9,0,0,"Varias",9.8,"15:30","19",2.5,6.1,"Varias",7.7,961.3,"Varias",958.2,"14"
208,"2018-12-08","3129","MADRID AEROPUERTO","MADRID",609,8.5,0,2.1,"07:30",14.9,"14:46","23",1.4,4.7,"13:12",6.7,962.5,"Varias",959.3,"01"
209,"2018-12-09","3129","MADRID AEROPUERTO","MADRID",609,8.8,0,0.6,"06:52",16.9,"14:51","25",1.1,5,"12:19",8.3,963.6,"Varias",960.7,"14"
210,"2018-12-10","3129","MADRID AEROPUERTO","MADRID",609,7.6,0,-0.2,"07:19",15.5,"13:59","99",0.8,3.1,"Varias",7.3,963.4,"00",957.6,"24"
211,"2018-12-11","3129","MADRID AEROPUERTO","MADRID",609,6.4,0,-0.5,"06:47",13.2,"14:47","18",1.1,4.7,"18:02",4.8,957.6,"00",953.4,"15"
212,"2018-12-12","3129","MADRID AEROPUERTO","MADRID",609,4.6,3.2,0.7,"02:56",8.5,"23:39","26",1.4,6.1,"23:37",0,955.3,"Varias",948.7,"24"
213,"2018-12-13","3129","MADRID AEROPUERTO","MADRID",609,6.4,4.8,2.9,"23:54",10,"Varias","27",5.6,16.4,"12:46",1.3,948.8,"00",939.4,"12"
214,"2018-12-14","3129","MADRID AEROPUERTO","MADRID",609,5.4,0,-0.6,"05:00",11.5,"12:39","33",3.3,10.8,"12:53",8.4,957.5,"Varias",947.7,"01"
215,"2018-12-15","3129","MADRID AEROPUERTO","MADRID",609,4.4,0.1,-0.7,"Varias",9.6,"19:30","21",2.8,7.2,"19:14",2.1,959.8,"Varias",955.5,"24"
216,"2018-12-16","3129","MADRID AEROPUERTO","MADRID",609,10.2,0.3,7.1,"23:59",13.3,"14:07","23",5.6,15.3,"14:20",1.7,958.7,"Varias",950.9,"13"
217,"2018-12-17","3129","MADRID AEROPUERTO","MADRID",609,4.5,0,-1.2,"07:18",10.2,"13:03","99",1.9,4.7,"Varias",5.2,962.1,"Varias",957.9,"00"
218,"2018-12-18","3129","MADRID AEROPUERTO","MADRID",609,3.4,0.3,-1,"07:46",7.8,"13:54","99",1.4,5,"Varias",2,959.9,"00",953.3,"24"
219,"2018-12-19","3129","MADRID AEROPUERTO","MADRID",609,7.5,0,4.2,"07:40",10.8,"14:46","20",3.9,12.8,"15:34",6.5,956.7,"Varias",952.7,"01"
220,"2018-12-20","3129","MADRID AEROPUERTO","MADRID",609,8.4,0,5.2,"04:30",11.7,"15:30","19",1.9,6.1,"Varias",2,962,"Varias",953.1,"Varias"
221,"2018-12-21","3129","MADRID AEROPUERTO","MADRID",609,7.4,0,5.8,"07:05",9,"14:44","21",1.9,6.1,"11:19",0,965,"Varias",961.5,"01"
222,"2018-12-22","3129","MADRID AEROPUERTO","MADRID",609,7.2,0,5.9,"23:30",8.5,"12:42","99",1.7,4.2,"Varias",0,965.5,"Varias",963.7,"Varias"
223,"2018-12-23","3129","MADRID AEROPUERTO","MADRID",609,6.6,0.3,4.3,"07:41",8.9,"15:31","34",1.7,4.2,"00:16",1.5,964.7,"Varias",961.7,"16"
224,"2018-12-24","3129","MADRID AEROPUERTO","MADRID",609,6.2,0,-0.8,"07:37",13.2,"15:36","99",1.1,3.6,"Varias",6.8,962.6,"Varias",959.2,"16"
225,"2018-12-25","3129","MADRID AEROPUERTO","MADRID",609,7.4,0,0.4,"07:47",14.5,"15:34","99",0.8,3.1,"Varias",6.4,961.3,"Varias",958.4,"14"
226,"2018-12-26","3129","MADRID AEROPUERTO","MADRID",609,6.7,0,0.1,"07:51",13.3,"14:22","99",1.1,3.6,"Varias",7.6,962.2,"Varias",959.3,"15"
227,"2018-12-27","3129","MADRID AEROPUERTO","MADRID",609,5.2,0,-1.5,"07:31",11.9,"14:56","22",1.1,5.8,"11:51",6.8,960.4,"Varias",957.5,"14"
228,"2018-12-28","3129","MADRID AEROPUERTO","MADRID",609,6.2,0,-1.7,"06:36",14,"14:30","05",1.7,6.7,"14:28",8.2,960.7,"Varias",957.8,"14"
229,"2018-12-29","3129","MADRID AEROPUERTO","MADRID",609,6.4,0,-0.9,"07:50",13.8,"14:40","34",1.7,5.8,"04:15",7.5,961.8,"Varias",959.5,"14"
230,"2018-12-30","3129","MADRID AEROPUERTO","MADRID",609,6.3,0,-2.2,"07:50",14.8,"15:34","99",1.7,4.2,"Varias",8.1,962.9,"Varias",959.6,"15"
231,"2018-12-31","3129","MADRID AEROPUERTO","MADRID",609,6.2,0,-3.7,"07:50",16.1,"15:34","99",0.8,3.6,"Varias",9,964.1,"Varias",961,"15"
232,"2019-01-01","3129","MADRID AEROPUERTO","MADRID",609,5.8,0,-3.5,"07:37",15.2,"15:29","99",0.6,3.6,"Varias",8.4,963.8,"Varias",961.2,"15"
233,"2019-01-03","3129","MADRID AEROPUERTO","MADRID",609,5.3,0,-3.4,"07:44",14,"14:35","99",1.4,4.2,"Varias",6.9,961,"Varias",958.5,"13"
234,"2019-01-04","3129","MADRID AEROPUERTO","MADRID",609,5.2,0,-4,"07:01",14.4,"15:36","22",0.8,4.7,"10:41",8.4,963.4,"Varias",960,"05"
235,"2019-01-05","3129","MADRID AEROPUERTO","MADRID",609,4.2,0,-4.8,"08:01",13.1,"15:04","22",1.4,4.7,"15:06",8.5,965.7,"Varias",962.4,"16"
236,"2019-01-06","3129","MADRID AEROPUERTO","MADRID",609,5,0,-5.7,"07:49",15.7,"15:11","19",1.7,5,"13:20",8.6,963.5,"01",959.5,"15"
237,"2019-01-07","3129","MADRID AEROPUERTO","MADRID",609,5.8,0,-4.4,"07:30",16,"14:56","99",2.5,5,"Varias",8.6,962,"Varias",958.8,"15"
238,"2019-01-08","3129","MADRID AEROPUERTO","MADRID",609,5.4,0,-3.7,"07:21",14.4,"15:51","99",1.4,4.2,"Varias",8.6,962.5,"Varias",957.3,"24"
239,"2019-01-09","3129","MADRID AEROPUERTO","MADRID",609,6.2,0,-2.5,"05:25",14.8,"14:33","34",4.4,12.5,"16:17",8.6,957.4,"00",950.8,"18"
240,"2019-01-10","3129","MADRID AEROPUERTO","MADRID",609,3.6,0,-2.7,"06:00",10,"14:07","02",3.1,11.4,"19:38",8.6,954.8,"Varias",950.7,"05"
241,"2019-01-11","3129","MADRID AEROPUERTO","MADRID",609,2.2,0,-4.2,"06:46",8.6,"15:15","23",2.2,5.8,"14:19",8.6,959.7,"Varias",954.6,"00"
242,"2019-01-12","3129","MADRID AEROPUERTO","MADRID",609,3.6,0,-3.9,"06:31",11.2,"13:34","25",1.9,5,"12:46",8.5,961.6,"Varias",958.7,"15"
243,"2019-01-13","3129","MADRID AEROPUERTO","MADRID",609,3.8,0,-4.9,"07:20",12.5,"15:25","22",1.4,4.7,"Varias",8.4,961,"Varias",956.9,"16"
244,"2019-01-14","3129","MADRID AEROPUERTO","MADRID",609,6.2,0,-2.9,"06:26",15.4,"15:40","21",1.4,5,"13:11",8.6,957.3,"Varias",952.8,"18"
245,"2019-01-15","3129","MADRID AEROPUERTO","MADRID",609,6.6,0,-1.8,"07:50",14.9,"15:11","33",1.1,7.8,"03:02",8.4,954.2,"Varias",950.8,"16"
246,"2019-01-16","3129","MADRID AEROPUERTO","MADRID",609,4,0,-3.4,"07:16",11.5,"14:53","22",2.2,7.8,"Varias",8.4,952.1,"00",948.5,"16"
247,"2019-01-17","3129","MADRID AEROPUERTO","MADRID",609,4.4,0,0.5,"22:11",8.2,"15:18","34",1.1,5,"20:14",0.5,952.7,"Varias",949.2,"05"
248,"2019-01-18","3129","MADRID AEROPUERTO","MADRID",609,2.5,0,-3.4,"06:44",8.4,"15:48","22",1.7,7.2,"14:58",0.9,953.1,"Varias",948.9,"18"
249,"2019-01-19","3129","MADRID AEROPUERTO","MADRID",609,0.2,4.5,-4.7,"07:34",5.1,"13:47","99",1.9,7.2,"Varias",0.3,950.2,"00",941.5,"24"
250,"2019-01-20","3129","MADRID AEROPUERTO","MADRID",609,6.6,0,2.1,"07:14",11,"14:43","33",4.4,15,"11:37",6.7,951,"Varias",940.4,"03"
295,"2019-01-21","3129","MADRID AEROPUERTO","MADRID",609,5.3,0,0.3,"23:30",10.3,"14:36","36",4.4,13.3,"12:36",8.9,953.4,"Varias",950.7,"02"
296,"2019-01-22","3129","MADRID AEROPUERTO","MADRID",609,3.8,0,-1.5,"03:09",9.2,"12:47","99",3.6,12.5,"Varias",0.9,952.8,"00",943.3,"24"
297,"2019-01-23","3129","MADRID AEROPUERTO","MADRID",609,10.8,0,7,"01:51",14.5,"13:13","27",8.3,18.1,"08:29",6.5,943.3,"00",938.5,"14"
298,"2019-01-24","3129","MADRID AEROPUERTO","MADRID",609,10.8,0,5.3,"06:35",16.3,"11:15","31",4.7,15,"12:09",5.5,947.9,"Varias",939.6,"02"
299,"2019-01-25","3129","MADRID AEROPUERTO","MADRID",609,9.8,0,4,"23:59",15.6,"13:58","99",4.2,15,"Varias",9,953.2,"Varias",947.9,"00"
300,"2019-01-26","3129","MADRID AEROPUERTO","MADRID",609,6.2,0,-2,"07:34",14.4,"15:30","99",1.9,6.1,"Varias",9,953.8,"Varias",948.1,"24"
301,"2019-01-27","3129","MADRID AEROPUERTO","MADRID",609,5.4,0,-2.2,"06:31",12.9,"14:21","31",4.7,13.9,"12:03",7.4,950.1,"Varias",945.4,"06"
302,"2019-01-28","3129","MADRID AEROPUERTO","MADRID",609,6.7,0,-1.1,"06:38",14.5,"13:46","28",6.1,16.9,"13:49",8.6,950.2,"Varias",946.5,"13"
303,"2019-01-29","3129","MADRID AEROPUERTO","MADRID",609,6.7,0.1,1,"08:08",12.4,"13:17","19",5.8,13.9,"11:28",1.6,949.7,"00",942.1,"17"
304,"2019-01-30","3129","MADRID AEROPUERTO","MADRID",609,7.6,6.2,3.4,"08:01",11.7,"14:12","21",5.8,13.9,"15:33",6.4,945.7,"Varias",937.7,"24"
305,"2019-01-31","3129","MADRID AEROPUERTO","MADRID",609,10.6,7.4,7.8,"00:00",13.3,"13:22","22",10,21.7,"16:58",2,937.7,"00",929.2,"24"
306,"2019-02-02","3129","MADRID AEROPUERTO","MADRID",609,5.4,0,1.2,"20:32",9.5,"13:47","33",6.4,16.4,"09:04",3.6,951.4,"24",931.3,"00"
307,"2019-02-03","3129","MADRID AEROPUERTO","MADRID",609,4.2,0,-0.2,"23:59",8.7,"12:52","99",6.4,15.3,"Varias",9.4,960.5,"24",951.4,"00"
308,"2019-02-04","3129","MADRID AEROPUERTO","MADRID",609,3.6,0,-4.5,"07:21",11.8,"14:46","23",1.7,6.7,"18:13",8.5,961.6,"Varias",958.5,"16"
309,"2019-02-05","3129","MADRID AEROPUERTO","MADRID",609,7.2,0,-1.7,"06:34",16.1,"15:48","99",1.9,6.1,"Varias",9.4,961.8,"Varias",958.4,"16"
310,"2019-02-06","3129","MADRID AEROPUERTO","MADRID",609,7.8,0,-0.7,"06:58",16.2,"15:40","21",1.4,7.8,"13:59",9.2,959.6,"00",954.6,"16"
311,"2019-02-07","3129","MADRID AEROPUERTO","MADRID",609,7.8,0,-0.8,"07:33",16.3,"15:09","99",1.9,4.2,"Varias",9.5,956.4,"Varias",953.5,"16"
312,"2019-02-08","3129","MADRID AEROPUERTO","MADRID",609,6.8,0,-1.6,"07:49",15.3,"15:00","99",2.5,10.8,"Varias",9.5,955.9,"00",952.1,"17"
313,"2019-02-09","3129","MADRID AEROPUERTO","MADRID",609,6.3,0,-0.4,"05:53",13,"15:19","22",1.9,8.9,"15:27",6.8,956.3,"Varias",952.7,"17"
314,"2019-02-10","3129","MADRID AEROPUERTO","MADRID",609,6.8,0,0.5,"06:35",13,"14:50","21",4.4,15,"15:37",4.3,955.4,"Varias",952.8,"04"
315,"2019-02-11","3129","MADRID AEROPUERTO","MADRID",609,8,0,1.5,"07:33",14.4,"14:36","36",2.5,7.8,"11:38",9.6,962.5,"Varias",955.2,"00"
316,"2019-02-12","3129","MADRID AEROPUERTO","MADRID",609,6.7,0,-1.4,"07:40",14.8,"16:31","19",1.9,6.1,"12:08",9.6,963.5,"Varias",960.9,"16"
317,"2019-02-13","3129","MADRID AEROPUERTO","MADRID",609,7.6,0,-1.6,"06:46",16.7,"15:54","26",1.7,4.7,"11:04",9.7,962.6,"Varias",959.5,"16"
318,"2019-02-14","3129","MADRID AEROPUERTO","MADRID",609,6.4,0,-2,"06:44",14.9,"15:27","13",1.7,6.7,"Varias",9.8,964,"Varias",959.7,"17"
319,"2019-02-15","3129","MADRID AEROPUERTO","MADRID",609,7.2,0,-2.2,"07:22",16.7,"15:47","19",1.4,5,"15:10",9.6,961.4,"Varias",956.3,"17"
320,"2019-02-16","3129","MADRID AEROPUERTO","MADRID",609,9.1,0,0.1,"06:49",18.1,"14:37","13",2.5,10.3,"14:01",9.8,959.6,"Varias",955.2,"16"
321,"2019-02-17","3129","MADRID AEROPUERTO","MADRID",609,7.4,0,-2.2,"07:07",17.1,"15:32","32",1.1,5,"05:50",9.8,957.7,"00",951,"17"
322,"2019-02-18","3129","MADRID AEROPUERTO","MADRID",609,7,0,-0.6,"06:30",14.7,"15:31","23",1.9,4.7,"13:26",8.5,952.7,"Varias",949,"16"
323,"2019-02-19","3129","MADRID AEROPUERTO","MADRID",609,8.2,0,0.4,"05:56",16,"16:31","33",1.9,3.1,"03:10",9,953.2,"Varias",950,"16"
324,"2019-02-20","3129","MADRID AEROPUERTO","MADRID",609,8,0,0.1,"07:21",15.9,"15:28","21",1.7,6.7,"15:29",9.4,957.7,"Varias",953.1,"00"
325,"2019-02-21","3129","MADRID AEROPUERTO","MADRID",609,8.8,0,-0.3,"07:17",17.9,"15:30","99",1.1,6.1,"Varias",9.8,962.9,"Varias",957.7,"00"
326,"2019-02-22","3129","MADRID AEROPUERTO","MADRID",609,9,0,-1.5,"07:10",19.4,"15:39","22",1.1,6.1,"15:49",9.9,964.3,"Varias",960.7,"17"
327,"2019-02-23","3129","MADRID AEROPUERTO","MADRID",609,8.6,0,-2.3,"07:05",19.6,"15:06","21",1.7,6.7,"16:38",8.8,962.6,"Varias",958,"17"
328,"2019-02-24","3129","MADRID AEROPUERTO","MADRID",609,10.6,0,1.2,"04:36",20,"16:03","99",1.7,6.1,"Varias",9.9,964,"Varias",960,"03"
329,"2019-02-25","3129","MADRID AEROPUERTO","MADRID",609,10.2,0,0.5,"07:02",19.9,"15:40","22",1.7,7.8,"14:23",10.2,964.2,"Varias",959.9,"16"
330,"2019-02-26","3129","MADRID AEROPUERTO","MADRID",609,11.2,0,1.1,"06:18",21.3,"15:46","17",1.4,8.3,"16:21",10.2,962.4,"Varias",959.1,"16"
331,"2019-02-27","3129","MADRID AEROPUERTO","MADRID",609,10.5,0,0.1,"06:44",20.9,"15:34","22",2.2,6.1,"15:34",10,961.4,"00",958.1,"15"
332,"2019-02-28","3129","MADRID AEROPUERTO","MADRID",609,10.2,0,0,"06:50",20.5,"16:50","19",1.7,5,"11:50",5.8,961.5,"09",957.5,"Varias"
333,"2019-03-01","3129","MADRID AEROPUERTO","MADRID",609,10.8,0,1,"06:57",20.6,"14:52","24",2.2,10.8,"18:33",10.2,958.3,"00",953.2,"16"
334,"2019-03-02","3129","MADRID AEROPUERTO","MADRID",609,12,0,3.3,"06:37",20.7,"16:04","99",2.2,7.2,"Varias",10.4,958.5,"Varias",955.1,"17"
335,"2019-03-05","3129","MADRID AEROPUERTO","MADRID",609,12.6,0,8.8,"06:54",16.4,"14:11","22",5.6,16.1,"12:37",7.2,950.7,"Varias",943.8,"24"
336,"2019-03-06","3129","MADRID AEROPUERTO","MADRID",609,10.2,12.1,7.1,"23:58",13.3,"00:56","21",7.5,23.3,"13:29",1.8,945.3,"Varias",935.7,"13"
337,"2019-03-07","3129","MADRID AEROPUERTO","MADRID",609,7.3,0,1.8,"06:32",12.8,"14:25","23",4.7,12.5,"17:32",10.2,949.9,"Varias",945.3,"00"
338,"2019-03-08","3129","MADRID AEROPUERTO","MADRID",609,9.8,0,3.3,"06:35",16.3,"15:03","22",1.7,8.9,"13:48",9.4,960.3,"Varias",949.7,"00"
339,"2019-03-09","3129","MADRID AEROPUERTO","MADRID",609,10.6,0,1.4,"06:12",19.8,"15:51","21",1.7,6.1,"10:00",10.3,964.2,"Varias",960.3,"00"
340,"2019-03-10","3129","MADRID AEROPUERTO","MADRID",609,13,0,2.5,"06:49",23.4,"16:27","99",1.9,5.8,"Varias",10.8,963,"Varias",958.2,"17"
341,"2019-03-11","3129","MADRID AEROPUERTO","MADRID",609,13.4,0,6.4,"06:38",20.4,"14:52","08",1.9,12.8,"14:49",11,962.2,"Varias",959.2,"04"
342,"2019-03-12","3129","MADRID AEROPUERTO","MADRID",609,12,0,1.5,"06:49",22.4,"15:35","22",4.2,15.3,"16:03",10.8,961.1,"01",953.6,"17"
343,"2019-03-13","3129","MADRID AEROPUERTO","MADRID",609,10.6,0,5.6,"22:37",15.5,"15:29","35",5.6,15,"08:46",10.7,961.8,"Varias",954.4,"03"
344,"2019-03-14","3129","MADRID AEROPUERTO","MADRID",609,9.4,0,-0.1,"06:00",19,"16:05","99",1.9,10.3,"Varias",11.1,962.3,"Varias",957.6,"17"
345,"2019-03-15","3129","MADRID AEROPUERTO","MADRID",609,12.4,0,0.5,"06:19",24.3,"16:17","21",2.2,8.9,"13:53",11.1,960.1,"Varias",955.3,"17"
346,"2019-03-16","3129","MADRID AEROPUERTO","MADRID",609,13.7,0,2.1,"06:29",25.3,"15:31","20",2.8,11.4,"16:28",11.1,956.8,"00",949.4,"18"
347,"2019-03-17","3129","MADRID AEROPUERTO","MADRID",609,11.8,0,2.2,"06:43",21.3,"15:05","02",4.4,12.8,"21:57",8.9,953.3,"Varias",948.4,"15"
348,"2019-03-18","3129","MADRID AEROPUERTO","MADRID",609,10,0,3.4,"06:49",16.6,"16:16","05",3.3,11.7,"21:09",10.6,957.5,"Varias",953.3,"00"
